month,dataset,vendor,trips,flags
2019-06,2kfw-zvte,,132572,
2019-07,2kfw-zvte,,224964,
2019-08,2kfw-zvte,,189975,
2019-09,2kfw-zvte,,160557,
2019-10,2kfw-zvte,,2765,
2020-08,3rse-fbp6,bird,46346,
2020-08,3rse-fbp6,lime,52554,
2020-08,3rse-fbp6,spin,46739,
2020-09,3rse-fbp6,bird,71882,
2020-09,3rse-fbp6,lime,99560,
2020-09,3rse-fbp6,spin,61938,
2020-10,3rse-fbp6,bird,39312,
2020-10,3rse-fbp6,lime,73636,
2020-10,3rse-fbp6,spin,36289,
2020-11,3rse-fbp6,bird,20204,
2020-11,3rse-fbp6,lime,44713,
2020-11,3rse-fbp6,spin,20185,
2020-12,3rse-fbp6,bird,3411,
2020-12,3rse-fbp6,lime,9629,
2020-12,3rse-fbp6,spin,4418,
2022-05,2i5w-ykuw,Link,10,
2022-05,2i5w-ykuw,Lyft,41648,
2022-06,2i5w-ykuw,Lime,34837,
2022-06,2i5w-ykuw,Link,1893,
2022-06,2i5w-ykuw,Lyft,123099,
2022-06,2i5w-ykuw,Spin,7377,
2022-07,2i5w-ykuw,Lime,100559,
2022-07,2i5w-ykuw,Link,13341,
2022-07,2i5w-ykuw,Lyft,125211,
2022-07,2i5w-ykuw,Spin,24981,
2022-08,2i5w-ykuw,Lime,100440,
2022-08,2i5w-ykuw,Link,21894,
2022-08,2i5w-ykuw,Lyft,134004,
2022-08,2i5w-ykuw,Spin,29044,
2022-09,2i5w-ykuw,Lime,141479,
2022-09,2i5w-ykuw,Link,18159,
2022-09,2i5w-ykuw,Lyft,134775,
2022-09,2i5w-ykuw,Spin,21082,
2022-10,2i5w-ykuw,Lime,119519,
2022-10,2i5w-ykuw,Link,11322,
2022-10,2i5w-ykuw,Lyft,94160,
2022-10,2i5w-ykuw,Spin,14165,
2022-11,2i5w-ykuw,Lime,67565,
2022-11,2i5w-ykuw,Link,1177,
2022-11,2i5w-ykuw,Lyft,56271,
2022-11,2i5w-ykuw,Spin,8254,
2022-12,2i5w-ykuw,Lime,15782,
2022-12,2i5w-ykuw,Lyft,27995,
2022-12,2i5w-ykuw,Spin,1651,
2023-01,2i5w-ykuw,Lyft,19524,
2023-02,2i5w-ykuw,Lyft,19979,
2023-02,2i5w-ykuw,Spin,42,
2023-03,2i5w-ykuw,Lime,40395,
2023-03,2i5w-ykuw,Link,1470,
2023-03,2i5w-ykuw,Lyft,28466,
2023-03,2i5w-ykuw,Spin,6732,
2023-04,2i5w-ykuw,Lime,104071,
2023-04,2i5w-ykuw,Link,6319,
2023-04,2i5w-ykuw,Lyft,47008,
2023-04,2i5w-ykuw,Spin,12550,
2023-05,2i5w-ykuw,Lime,155869,
2023-05,2i5w-ykuw,Link,12638,
2023-05,2i5w-ykuw,Lyft,79972,
2023-05,2i5w-ykuw,Spin,22714,
2023-06,2i5w-ykuw,Lime,213560,
2023-06,2i5w-ykuw,Link,14964,
2023-06,2i5w-ykuw,Lyft,78341,
2023-06,2i5w-ykuw,Spin,27572,
2023-07,2i5w-ykuw,Lime,276768,
2023-07,2i5w-ykuw,Link,13471,
2023-07,2i5w-ykuw,Lyft,121489,
2023-07,2i5w-ykuw,Spin,22147,
2023-08,2i5w-ykuw,Lime,305459,
2023-08,2i5w-ykuw,Link,9894,
2023-08,2i5w-ykuw,Lyft,168479,
2023-08,2i5w-ykuw,Spin,21018,
2023-09,2i5w-ykuw,Lime,302473,
2023-09,2i5w-ykuw,Link,21,
2023-09,2i5w-ykuw,Lyft,153345,
2023-09,2i5w-ykuw,Spin,17378,
2024-01,2i5w-ykuw,Lime,19788,
2024-01,2i5w-ykuw,Lyft,22922,
2024-01,2i5w-ykuw,Spin,2,
2024-02,2i5w-ykuw,Lime,57033,
2024-02,2i5w-ykuw,Lyft,40145,
2024-02,2i5w-ykuw,Spin,9,
2024-03,2i5w-ykuw,Lime,163570,
2024-03,2i5w-ykuw,Lyft,32816,
2024-04,2i5w-ykuw,Lime,222707,
2024-04,2i5w-ykuw,Lyft,54059,
2024-04,2i5w-ykuw,Spin,758,
2024-05,2i5w-ykuw,Lime,381818,
2024-05,2i5w-ykuw,Lyft,100829,
2024-05,2i5w-ykuw,Spin,7393,
2024-06,2i5w-ykuw,Lime,437462,
2024-06,2i5w-ykuw,Lyft,98313,
2024-06,2i5w-ykuw,Spin,8356,
2024-07,2i5w-ykuw,Lime,497081,
2024-07,2i5w-ykuw,Lyft,508590,includes_classic_bike_rides
2024-07,2i5w-ykuw,Spin,11058,
2024-08,2i5w-ykuw,Lime,607927,
2024-08,2i5w-ykuw,Lyft,423770,includes_classic_bike_rides
2024-08,2i5w-ykuw,Spin,13973,
2024-09,2i5w-ykuw,Lime,604919,
2024-09,2i5w-ykuw,Lyft,405178,includes_classic_bike_rides
2024-09,2i5w-ykuw,Spin,11883,
2024-10,2i5w-ykuw,Lime,616169,
2024-10,2i5w-ykuw,Lyft,386588,includes_classic_bike_rides
2024-10,2i5w-ykuw,Spin,8592,
2024-11,2i5w-ykuw,Lime,425542,
2024-11,2i5w-ykuw,Lyft,212293,includes_classic_bike_rides
2024-11,2i5w-ykuw,Spin,5367,
2024-12,2i5w-ykuw,Coco,342,
2024-12,2i5w-ykuw,Lime,221180,
2024-12,2i5w-ykuw,Lyft,105918,includes_classic_bike_rides
2024-12,2i5w-ykuw,Spin,1740,
2025-01,2i5w-ykuw,Coco,186,
2025-01,2i5w-ykuw,Lime,103564,
2025-01,2i5w-ykuw,Lyft,75886,includes_classic_bike_rides
2025-02,2i5w-ykuw,Coco,553,
2025-02,2i5w-ykuw,Lime,89194,
2025-02,2i5w-ykuw,Lyft,84746,includes_classic_bike_rides
2025-03,2i5w-ykuw,Coco,1610,
2025-03,2i5w-ykuw,Lime,280035,
2025-03,2i5w-ykuw,Lyft,182479,includes_classic_bike_rides
2025-04,2i5w-ykuw,Coco,2567,
2025-04,2i5w-ykuw,Lime,403134,
2025-04,2i5w-ykuw,Lyft,222796,includes_classic_bike_rides
2025-05,2i5w-ykuw,Coco,3523,
2025-05,2i5w-ykuw,Lime,573776,
2025-05,2i5w-ykuw,Lyft,288600,includes_classic_bike_rides
2025-06,2i5w-ykuw,Coco,4086,
2025-06,2i5w-ykuw,Lime,797568,
2025-06,2i5w-ykuw,Lyft,399191,includes_classic_bike_rides
2025-07,2i5w-ykuw,Coco,3908,
2025-07,2i5w-ykuw,Lime,779412,
2025-07,2i5w-ykuw,Lyft,438682,includes_classic_bike_rides
2025-08,2i5w-ykuw,Coco,3948,
2025-08,2i5w-ykuw,Lime,858074,
2025-08,2i5w-ykuw,Lyft,483744,includes_classic_bike_rides
2025-09,2i5w-ykuw,Coco,5077,
2025-09,2i5w-ykuw,Lime,816561,
2025-09,2i5w-ykuw,Lyft,419122,includes_classic_bike_rides
2025-09,2i5w-ykuw,Serve,56,
2025-10,2i5w-ykuw,Coco,4788,
2025-10,2i5w-ykuw,Lime,782779,
2025-10,2i5w-ykuw,Lyft,366490,includes_classic_bike_rides
2025-10,2i5w-ykuw,Serve,32222,
2025-11,2i5w-ykuw,Coco,4270,
2025-11,2i5w-ykuw,Lime,467330,
2025-11,2i5w-ykuw,Lyft,194661,includes_classic_bike_rides
2025-11,2i5w-ykuw,Serve,32491,
2025-12,2i5w-ykuw,Coco,2265,
2025-12,2i5w-ykuw,Lime,136264,
2025-12,2i5w-ykuw,Lyft,75917,includes_classic_bike_rides
2025-12,2i5w-ykuw,Serve,31118,
